searchterm,exclude
masques jetés, masques de beautés
gels jetés
gels hydroalcooliques jetés
gants jetés
mouchoirs jetés
déchets covid
déchets covid 19 éparpillés
نفايات كمامات
نفايات covid
نفايات  كوفيد ـ 19
نفايات قفازات
disposed masks
single use masks pollution
single use gloves pollution
disposed gloves
hydroalcoholic gels pollution
entsorgen Masken
entsorgte Handschuhe
máscaras desechadas
guantes desechados
contaminación de guantes desechables
máscaras de un solo uso contaminación
maschera monouso inquinamento
guanti monouso inquinamento
